id,material_id,condition_name,process_route,product_form,heat_treatment,notes,is_default,created_at,updated_at
1,1,as-rolled,rolled,plate,,,True,2026-02-02T18:45:01.333678,2026-02-02T18:45:01.333682
2,2,room-temp cured,autoclave,filament,,,True,2026-02-02T18:45:01.334124,2026-02-02T18:45:01.334126
3,3,normalized,powder,plate,,,True,2026-02-02T18:45:01.334711,2026-02-02T18:45:01.334716
4,3,normalized,cast,bar,,,False,2026-02-02T18:45:01.335221,2026-02-02T18:45:01.335228
5,4,as-printed,injection molded,pellet,,,True,2026-02-02T18:45:01.335834,2026-02-02T18:45:01.335839
6,5,conditioned,compression molded,pellet,,,True,2026-02-02T18:45:01.336304,2026-02-02T18:45:01.336306
7,6,solution treated,extruded,bar,,,True,2026-02-02T18:45:01.336567,2026-02-02T18:45:01.336569
8,7,as-cast,forged,plate,,,True,2026-02-02T18:45:01.338443,2026-02-02T18:45:01.338446
9,8,annealed,rolled,plate,,,True,2026-02-02T18:45:01.338923,2026-02-02T18:45:01.338926
10,9,T6,rolled,bar,T6,,True,2026-02-02T18:45:01.339325,2026-02-02T18:45:01.339327
11,10,annealed,powder,plate,,,True,2026-02-02T18:45:01.339677,2026-02-02T18:45:01.339679
12,11,H32,powder,bar,,,True,2026-02-02T18:45:01.340009,2026-02-02T18:45:01.340011
13,11,quenched & tempered,rolled,plate,,,False,2026-02-02T18:45:01.340324,2026-02-02T18:45:01.340327
14,12,as-molded,extruded,filament,,,True,2026-02-02T18:45:01.340640,2026-02-02T18:45:01.340644
15,13,annealed,forged,plate,,,True,2026-02-02T18:45:01.341187,2026-02-02T18:45:01.341192
16,13,T6,rolled,sheet,T6,,False,2026-02-02T18:45:01.341631,2026-02-02T18:45:01.341635
17,14,quenched & tempered,extruded,sheet,,,True,2026-02-02T18:45:01.341904,2026-02-02T18:45:01.341906
18,14,as-rolled,powder,bar,,,False,2026-02-02T18:45:01.366766,2026-02-02T18:45:01.366776
19,15,hot-pressed,sintered,powder,,,True,2026-02-02T18:45:01.367371,2026-02-02T18:45:01.367373
20,16,dry,compression molded,pellet,,,True,2026-02-02T18:45:01.367775,2026-02-02T18:45:01.367781
21,17,annealed,printed,bar,,,True,2026-02-02T18:45:01.368407,2026-02-02T18:45:01.368410
22,18,as-cast,sintered,plate,,,True,2026-02-02T18:45:01.368860,2026-02-02T18:45:01.368865
23,19,conditioned,injection molded,filament,,,True,2026-02-02T18:45:01.370056,2026-02-02T18:45:01.370059
24,19,as-molded,extruded,sheet,,,False,2026-02-02T18:45:01.370484,2026-02-02T18:45:01.370491
25,20,as-rolled,cast,sheet,,,True,2026-02-02T18:45:01.371141,2026-02-02T18:45:01.371146
26,21,as-cast,cast,plate,,,True,2026-02-02T18:45:01.371543,2026-02-02T18:45:01.371545
27,22,as-rolled,rolled,bar,,,True,2026-02-02T18:45:01.371969,2026-02-02T18:45:01.371971
28,23,as-cured,hand layup,filament,,,True,2026-02-02T18:45:01.372387,2026-02-02T18:45:01.372394
29,24,as-printed,injection molded,bar,,,True,2026-02-02T18:45:01.372807,2026-02-02T18:45:01.372809
30,25,annealed,extruded,plate,,,True,2026-02-02T18:45:01.373194,2026-02-02T18:45:01.373197
31,26,normalized,rolled,sheet,,,True,2026-02-02T18:45:01.373458,2026-02-02T18:45:01.373460
32,27,as-molded,injection molded,filament,,,True,2026-02-02T18:45:01.373723,2026-02-02T18:45:01.373725
33,28,as-rolled,powder,sheet,,,True,2026-02-02T18:45:01.373989,2026-02-02T18:45:01.373991
34,29,annealed,extruded,filament,,,True,2026-02-02T18:45:01.374534,2026-02-02T18:45:01.374536
35,30,as-cured,autoclave,prepreg,,,True,2026-02-02T18:45:01.374902,2026-02-02T18:45:01.374904
36,31,normalized,rolled,bar,,,True,2026-02-02T18:45:01.375255,2026-02-02T18:45:01.375257
37,31,annealed,powder,forging,,,False,2026-02-02T18:45:01.375586,2026-02-02T18:45:01.375593
38,32,as-rolled,forged,forging,,,True,2026-02-02T18:45:01.375851,2026-02-02T18:45:01.375854
39,32,H32,powder,sheet,,,False,2026-02-02T18:45:01.376158,2026-02-02T18:45:01.376161
40,33,T6,forged,sheet,T6,,True,2026-02-02T18:45:01.376458,2026-02-02T18:45:01.376460
41,34,hot-pressed,sintered,powder,,,True,2026-02-02T18:45:01.376605,2026-02-02T18:45:01.376607
42,34,HIP,cast,plate,,,False,2026-02-02T18:45:01.376804,2026-02-02T18:45:01.376810
43,35,HIP,cast,rod,,,True,2026-02-02T18:45:01.377186,2026-02-02T18:45:01.377188
44,36,quenched & tempered,forged,plate,,,True,2026-02-02T18:45:01.377616,2026-02-02T18:45:01.377619
45,37,solution treated,extruded,bar,,,True,2026-02-02T18:45:01.378044,2026-02-02T18:45:01.378046
46,37,as-cast,powder,bar,,,False,2026-02-02T18:45:01.378265,2026-02-02T18:45:01.378273
47,38,hot-pressed,cast,tile,,,True,2026-02-02T18:45:01.378690,2026-02-02T18:45:01.378693
48,39,post-cured,pultruded,filament,,,True,2026-02-02T18:45:01.379046,2026-02-02T18:45:01.379048
49,39,room-temp cured,pultruded,filament,,,False,2026-02-02T18:45:01.379336,2026-02-02T18:45:01.379339
50,40,as-rolled,cast,plate,,,True,2026-02-02T18:45:01.379636,2026-02-02T18:45:01.379638
51,41,HIP,HIP,tile,,,True,2026-02-02T18:45:01.379887,2026-02-02T18:45:01.379889
52,42,normalized,forged,plate,,,True,2026-02-02T18:45:01.380167,2026-02-02T18:45:01.380169
53,43,as-cast,forged,casting,,,True,2026-02-02T18:45:01.380511,2026-02-02T18:45:01.380513
54,43,as-cast,forged,sheet,,,False,2026-02-02T18:45:01.380839,2026-02-02T18:45:01.380841
55,44,annealed,forged,plate,,,True,2026-02-02T18:45:01.381202,2026-02-02T18:45:01.381205
56,45,T6,powder,forging,T6,,True,2026-02-02T18:45:01.381593,2026-02-02T18:45:01.381595
57,46,as-printed,compression molded,bar,,,True,2026-02-02T18:45:01.381973,2026-02-02T18:45:01.381975
58,47,normalized,powder,sheet,,,True,2026-02-02T18:45:01.382371,2026-02-02T18:45:01.382376
59,48,as-cured,autoclave,panel,,,True,2026-02-02T18:45:01.382638,2026-02-02T18:45:01.382640
60,48,as-cured,RTM,filament,,,False,2026-02-02T18:45:01.382891,2026-02-02T18:45:01.382895
61,49,H32,rolled,sheet,,,True,2026-02-02T18:45:01.383177,2026-02-02T18:45:01.383180
62,50,normalized,rolled,casting,,,True,2026-02-02T18:45:01.383643,2026-02-02T18:45:01.383648
63,51,annealed,extruded,pellet,,,True,2026-02-02T18:45:01.383946,2026-02-02T18:45:01.383948
64,51,as-molded,injection molded,bar,,,False,2026-02-02T18:45:01.384165,2026-02-02T18:45:01.384168
65,52,solution treated,rolled,plate,,,True,2026-02-02T18:45:01.384454,2026-02-02T18:45:01.384458
66,53,as-molded,printed,pellet,,,True,2026-02-02T18:45:01.384739,2026-02-02T18:45:01.384741
67,54,annealed,extruded,bar,,,True,2026-02-02T18:45:01.385214,2026-02-02T18:45:01.385216
68,55,sintered,sintered,powder,,,True,2026-02-02T18:45:01.385499,2026-02-02T18:45:01.385501
69,56,annealed,injection molded,bar,,,True,2026-02-02T18:45:01.385739,2026-02-02T18:45:01.385743
70,57,annealed,powder,plate,,,True,2026-02-02T18:45:01.386075,2026-02-02T18:45:01.386079
71,57,as-cast,cast,casting,,,False,2026-02-02T18:45:01.386293,2026-02-02T18:45:01.386295
72,58,dry,printed,pellet,,,True,2026-02-02T18:45:01.386659,2026-02-02T18:45:01.386664
73,59,conditioned,injection molded,sheet,,,True,2026-02-02T18:45:01.386922,2026-02-02T18:45:01.386924
74,59,dry,injection molded,pellet,,,False,2026-02-02T18:45:01.387283,2026-02-02T18:45:01.387289
75,60,conditioned,extruded,filament,,,True,2026-02-02T18:45:01.388197,2026-02-02T18:45:01.388202
76,61,dry,compression molded,bar,,,True,2026-02-02T18:45:01.388668,2026-02-02T18:45:01.388670
77,61,as-molded,compression molded,pellet,,,False,2026-02-02T18:45:01.389066,2026-02-02T18:45:01.389073
78,62,as-molded,extruded,sheet,,,True,2026-02-02T18:45:01.389459,2026-02-02T18:45:01.389463
79,62,annealed,printed,pellet,,,False,2026-02-02T18:45:01.389669,2026-02-02T18:45:01.389671
80,63,hot-pressed,sintered,rod,,,True,2026-02-02T18:45:01.389957,2026-02-02T18:45:01.389959
81,64,annealed,extruded,bar,,,True,2026-02-02T18:45:01.390260,2026-02-02T18:45:01.390262
82,64,as-rolled,cast,plate,,,False,2026-02-02T18:45:01.390670,2026-02-02T18:45:01.390675
83,65,HIP,cast,plate,,,True,2026-02-02T18:45:01.391316,2026-02-02T18:45:01.391320
84,66,as-rolled,powder,plate,,,True,2026-02-02T18:45:01.391703,2026-02-02T18:45:01.391707
85,67,H32,rolled,plate,,,True,2026-02-02T18:45:01.392336,2026-02-02T18:45:01.392340
86,68,as-cured,RTM,prepreg,,,True,2026-02-02T18:45:01.393010,2026-02-02T18:45:01.393014
87,69,solution treated,powder,bar,,,True,2026-02-02T18:45:01.393602,2026-02-02T18:45:01.393607
88,70,solution treated,powder,sheet,,,True,2026-02-02T18:45:01.394329,2026-02-02T18:45:01.394333
89,71,as-printed,compression molded,filament,,,True,2026-02-02T18:45:01.394905,2026-02-02T18:45:01.394909
90,72,quenched & tempered,cast,sheet,,,True,2026-02-02T18:45:01.395402,2026-02-02T18:45:01.395406
91,73,annealed,forged,forging,,,True,2026-02-02T18:45:01.395711,2026-02-02T18:45:01.395713
92,74,sintered,HIP,plate,,,True,2026-02-02T18:45:01.396119,2026-02-02T18:45:01.396122
93,74,as-cast,cast,tile,,,False,2026-02-02T18:45:01.396407,2026-02-02T18:45:01.396410
94,75,as-cast,forged,forging,,,True,2026-02-02T18:45:01.396611,2026-02-02T18:45:01.396613
95,75,normalized,powder,sheet,,,False,2026-02-02T18:45:01.397058,2026-02-02T18:45:01.397066
96,76,as-molded,extruded,sheet,,,True,2026-02-02T18:45:01.397400,2026-02-02T18:45:01.397404
97,77,hot-pressed,cast,powder,,,True,2026-02-02T18:45:01.397710,2026-02-02T18:45:01.397712
98,78,as-cast,rolled,casting,,,True,2026-02-02T18:45:01.397997,2026-02-02T18:45:01.397999
99,79,quenched & tempered,powder,sheet,,,True,2026-02-02T18:45:01.398283,2026-02-02T18:45:01.398285
100,80,dry,extruded,pellet,,,True,2026-02-02T18:45:01.398482,2026-02-02T18:45:01.398484
101,80,conditioned,compression molded,bar,,,False,2026-02-02T18:45:01.398717,2026-02-02T18:45:01.398721
102,81,annealed,injection molded,filament,,,True,2026-02-02T18:45:01.399162,2026-02-02T18:45:01.399167
103,81,as-printed,extruded,bar,,,False,2026-02-02T18:45:01.399379,2026-02-02T18:45:01.399381
104,82,T6,powder,bar,T6,,True,2026-02-02T18:45:01.399675,2026-02-02T18:45:01.399679
105,83,solution treated,forged,forging,,,True,2026-02-02T18:45:01.400066,2026-02-02T18:45:01.400068
106,83,annealed,extruded,forging,,,False,2026-02-02T18:45:01.400223,2026-02-02T18:45:01.400225
107,84,annealed,compression molded,bar,,,True,2026-02-02T18:45:01.400476,2026-02-02T18:45:01.400478
108,85,as-molded,injection molded,bar,,,True,2026-02-02T18:45:01.400757,2026-02-02T18:45:01.400759
109,86,as-molded,extruded,sheet,,,True,2026-02-02T18:45:01.400983,2026-02-02T18:45:01.400985
110,86,annealed,extruded,bar,,,False,2026-02-02T18:45:01.401214,2026-02-02T18:45:01.401217
111,87,conditioned,printed,bar,,,True,2026-02-02T18:45:01.401547,2026-02-02T18:45:01.401550
112,88,as-molded,extruded,sheet,,,True,2026-02-02T18:45:01.401825,2026-02-02T18:45:01.401827
113,89,quenched & tempered,powder,forging,,,True,2026-02-02T18:45:01.402058,2026-02-02T18:45:01.402060
114,89,solution treated,rolled,plate,,,False,2026-02-02T18:45:01.402221,2026-02-02T18:45:01.402227
115,90,annealed,forged,bar,,,True,2026-02-02T18:45:01.402601,2026-02-02T18:45:01.402606
116,90,as-rolled,extruded,forging,,,False,2026-02-02T18:45:01.402938,2026-02-02T18:45:01.402941
117,91,as-printed,extruded,filament,,,True,2026-02-02T18:45:01.403280,2026-02-02T18:45:01.403282
118,91,as-printed,extruded,bar,,,False,2026-02-02T18:45:01.403477,2026-02-02T18:45:01.403479
119,92,annealed,printed,filament,,,True,2026-02-02T18:45:01.403701,2026-02-02T18:45:01.403703
120,93,normalized,cast,sheet,,,True,2026-02-02T18:45:01.403918,2026-02-02T18:45:01.403920
121,93,as-cast,forged,sheet,,,False,2026-02-02T18:45:01.404203,2026-02-02T18:45:01.404205
122,94,solution treated,cast,bar,,,True,2026-02-02T18:45:01.404535,2026-02-02T18:45:01.404537
123,94,T6,powder,sheet,T6,,False,2026-02-02T18:45:01.404804,2026-02-02T18:45:01.404806
124,95,conditioned,extruded,pellet,,,True,2026-02-02T18:45:01.405102,2026-02-02T18:45:01.405106
125,96,as-printed,extruded,bar,,,True,2026-02-02T18:45:01.405291,2026-02-02T18:45:01.405293
126,97,quenched & tempered,cast,sheet,,,True,2026-02-02T18:45:01.405532,2026-02-02T18:45:01.405534
127,98,as-cast,cast,bar,,,True,2026-02-02T18:45:01.405724,2026-02-02T18:45:01.405726
128,99,as-printed,injection molded,filament,,,True,2026-02-02T18:45:01.406111,2026-02-02T18:45:01.406113
129,99,as-molded,printed,filament,,,False,2026-02-02T18:45:01.406391,2026-02-02T18:45:01.406394
130,100,hot-pressed,sintered,powder,,,True,2026-02-02T18:45:01.406626,2026-02-02T18:45:01.406628
131,100,as-cast,sintered,plate,,,False,2026-02-02T18:45:01.406841,2026-02-02T18:45:01.406843
132,101,quenched & tempered,forged,forging,,,True,2026-02-02T18:45:01.407060,2026-02-02T18:45:01.407062
133,102,as-printed,printed,bar,,,True,2026-02-02T18:45:01.407314,2026-02-02T18:45:01.407316
134,103,H32,extruded,forging,,,True,2026-02-02T18:45:01.407494,2026-02-02T18:45:01.407496
135,104,quenched & tempered,rolled,bar,,,True,2026-02-02T18:45:01.407774,2026-02-02T18:45:01.407776
136,105,solution treated,powder,plate,,,True,2026-02-02T18:45:01.407999,2026-02-02T18:45:01.408001
137,106,H32,forged,forging,,,True,2026-02-02T18:45:01.408385,2026-02-02T18:45:01.408387
138,107,as-rolled,powder,casting,,,True,2026-02-02T18:45:01.408535,2026-02-02T18:45:01.408538
139,108,as-printed,injection molded,sheet,,,True,2026-02-02T18:45:01.408819,2026-02-02T18:45:01.408821
140,109,HIP,cast,plate,,,True,2026-02-02T18:45:01.409135,2026-02-02T18:45:01.409137
141,110,T6,forged,casting,T6,,True,2026-02-02T18:45:01.409679,2026-02-02T18:45:01.409683
142,111,annealed,forged,casting,,,True,2026-02-02T18:45:01.410392,2026-02-02T18:45:01.410396
143,112,solution treated,rolled,forging,,,True,2026-02-02T18:45:01.414490,2026-02-02T18:45:01.414492
144,112,as-cast,rolled,plate,,,False,2026-02-02T18:45:01.414710,2026-02-02T18:45:01.414713
145,113,as-printed,printed,filament,,,True,2026-02-02T18:45:01.415067,2026-02-02T18:45:01.415069
146,114,sintered,cast,tile,,,True,2026-02-02T18:45:01.415249,2026-02-02T18:45:01.415251
147,114,as-cast,sintered,powder,,,False,2026-02-02T18:45:01.415534,2026-02-02T18:45:01.415537
148,115,hot-pressed,cast,powder,,,True,2026-02-02T18:45:01.415822,2026-02-02T18:45:01.415824
149,115,hot-pressed,sintered,tile,,,False,2026-02-02T18:45:01.415958,2026-02-02T18:45:01.415965
150,116,annealed,compression molded,filament,,,True,2026-02-02T18:45:01.416138,2026-02-02T18:45:01.416140
151,117,as-molded,injection molded,pellet,,,True,2026-02-02T18:45:01.416369,2026-02-02T18:45:01.416371
152,117,as-printed,injection molded,pellet,,,False,2026-02-02T18:45:01.416525,2026-02-02T18:45:01.416530
153,118,H32,rolled,bar,,,True,2026-02-02T18:45:01.416673,2026-02-02T18:45:01.416675
154,119,T6,rolled,casting,T6,,True,2026-02-02T18:45:01.416921,2026-02-02T18:45:01.416923
155,120,hot-pressed,HIP,rod,,,True,2026-02-02T18:45:01.417315,2026-02-02T18:45:01.417317
156,120,hot-pressed,hot-pressed,tile,,,False,2026-02-02T18:45:01.417617,2026-02-02T18:45:01.417622
157,121,annealed,powder,sheet,,,True,2026-02-02T18:45:01.417883,2026-02-02T18:45:01.417886
158,122,T6,extruded,casting,T6,,True,2026-02-02T18:45:01.418731,2026-02-02T18:45:01.418734
159,123,as-rolled,extruded,bar,,,True,2026-02-02T18:45:01.419201,2026-02-02T18:45:01.419203
160,124,as-molded,injection molded,bar,,,True,2026-02-02T18:45:01.419977,2026-02-02T18:45:01.419990
161,125,T6,powder,sheet,T6,,True,2026-02-02T18:45:01.420432,2026-02-02T18:45:01.420434
162,126,as-printed,compression molded,sheet,,,True,2026-02-02T18:45:01.420808,2026-02-02T18:45:01.420813
163,127,annealed,extruded,forging,,,True,2026-02-02T18:45:01.421155,2026-02-02T18:45:01.421157
164,128,as-cast,hot-pressed,tile,,,True,2026-02-02T18:45:01.421617,2026-02-02T18:45:01.421623
165,128,as-cast,sintered,rod,,,False,2026-02-02T18:45:01.421952,2026-02-02T18:45:01.421962
166,129,T6,cast,plate,T6,,True,2026-02-02T18:45:01.422279,2026-02-02T18:45:01.422282
167,130,as-cured,RTM,laminate,,,True,2026-02-02T18:45:01.422692,2026-02-02T18:45:01.422694
168,131,H32,cast,casting,,,True,2026-02-02T18:45:01.422975,2026-02-02T18:45:01.422978
169,132,as-printed,printed,bar,,,True,2026-02-02T18:45:01.423354,2026-02-02T18:45:01.423360
170,132,conditioned,extruded,filament,,,False,2026-02-02T18:45:01.423720,2026-02-02T18:45:01.423723
171,133,dry,extruded,pellet,,,True,2026-02-02T18:45:01.424008,2026-02-02T18:45:01.424010
172,134,quenched & tempered,powder,casting,,,True,2026-02-02T18:45:01.424310,2026-02-02T18:45:01.424312
173,135,conditioned,printed,sheet,,,True,2026-02-02T18:45:01.424590,2026-02-02T18:45:01.424592
174,136,T6,rolled,casting,T6,,True,2026-02-02T18:45:01.425561,2026-02-02T18:45:01.425574
175,137,conditioned,printed,pellet,,,True,2026-02-02T18:45:01.426424,2026-02-02T18:45:01.426427
176,138,normalized,cast,casting,,,True,2026-02-02T18:45:01.426913,2026-02-02T18:45:01.426916
177,139,annealed,powder,forging,,,True,2026-02-02T18:45:01.427203,2026-02-02T18:45:01.427207
178,140,as-rolled,extruded,sheet,,,True,2026-02-02T18:45:01.427570,2026-02-02T18:45:01.427572
179,141,as-printed,injection molded,bar,,,True,2026-02-02T18:45:01.427850,2026-02-02T18:45:01.427857
180,142,T6,forged,sheet,T6,,True,2026-02-02T18:45:01.428135,2026-02-02T18:45:01.428138
181,143,as-rolled,rolled,sheet,,,True,2026-02-02T18:45:01.428378,2026-02-02T18:45:01.428380
182,144,solution treated,powder,casting,,,True,2026-02-02T18:45:01.428809,2026-02-02T18:45:01.428811
183,145,normalized,extruded,casting,,,True,2026-02-02T18:45:01.429146,2026-02-02T18:45:01.429148
184,146,as-cast,powder,sheet,,,True,2026-02-02T18:45:01.429470,2026-02-02T18:45:01.429472
185,146,quenched & tempered,forged,forging,,,False,2026-02-02T18:45:01.429845,2026-02-02T18:45:01.429848
186,147,as-cast,HIP,powder,,,True,2026-02-02T18:45:01.430305,2026-02-02T18:45:01.430307
187,147,HIP,sintered,plate,,,False,2026-02-02T18:45:01.430408,2026-02-02T18:45:01.430411
188,148,conditioned,extruded,pellet,,,True,2026-02-02T18:45:01.430625,2026-02-02T18:45:01.430627
189,149,as-rolled,powder,forging,,,True,2026-02-02T18:45:01.430948,2026-02-02T18:45:01.430950
190,150,quenched & tempered,powder,casting,,,True,2026-02-02T18:45:01.431106,2026-02-02T18:45:01.431111
191,151,as-molded,injection molded,sheet,,,True,2026-02-02T18:45:01.431412,2026-02-02T18:45:01.431414
192,152,annealed,compression molded,sheet,,,True,2026-02-02T18:45:01.431692,2026-02-02T18:45:01.431694
193,153,dry,compression molded,bar,,,True,2026-02-02T18:45:01.432047,2026-02-02T18:45:01.432049
194,154,quenched & tempered,powder,forging,,,True,2026-02-02T18:45:01.432374,2026-02-02T18:45:01.432377
195,154,as-cast,extruded,casting,,,False,2026-02-02T18:45:01.432605,2026-02-02T18:45:01.432607
196,155,normalized,cast,bar,,,True,2026-02-02T18:45:01.433041,2026-02-02T18:45:01.433043
197,156,as-molded,extruded,pellet,,,True,2026-02-02T18:45:01.433373,2026-02-02T18:45:01.433375
198,157,quenched & tempered,cast,forging,,,True,2026-02-02T18:45:01.433717,2026-02-02T18:45:01.433719
199,157,as-cast,extruded,forging,,,False,2026-02-02T18:45:01.434090,2026-02-02T18:45:01.434095
200,158,annealed,injection molded,pellet,,,True,2026-02-02T18:45:01.434577,2026-02-02T18:45:01.434579
201,159,sintered,hot-pressed,plate,,,True,2026-02-02T18:45:01.435246,2026-02-02T18:45:01.435248
202,160,H32,powder,casting,,,True,2026-02-02T18:45:01.435593,2026-02-02T18:45:01.435595
203,161,HIP,HIP,plate,,,True,2026-02-02T18:45:01.435958,2026-02-02T18:45:01.435960
204,161,HIP,HIP,tile,,,False,2026-02-02T18:45:01.436320,2026-02-02T18:45:01.436327
205,162,as-cured,hand layup,prepreg,,,True,2026-02-02T18:45:01.436630,2026-02-02T18:45:01.436635
206,162,room-temp cured,hand layup,panel,,,False,2026-02-02T18:45:01.436925,2026-02-02T18:45:01.436928
207,163,as-cast,hot-pressed,powder,,,True,2026-02-02T18:45:01.437307,2026-02-02T18:45:01.437310
208,164,HIP,sintered,plate,,,True,2026-02-02T18:45:01.437611,2026-02-02T18:45:01.437613
209,165,as-molded,extruded,sheet,,,True,2026-02-02T18:45:01.438022,2026-02-02T18:45:01.438025
210,166,as-rolled,forged,casting,,,True,2026-02-02T18:45:01.438666,2026-02-02T18:45:01.438668
211,167,as-rolled,powder,plate,,,True,2026-02-02T18:45:01.439029,2026-02-02T18:45:01.439031
212,168,quenched & tempered,cast,casting,,,True,2026-02-02T18:45:01.439388,2026-02-02T18:45:01.439392
213,168,H32,cast,sheet,,,False,2026-02-02T18:45:01.439500,2026-02-02T18:45:01.439503
214,169,as-rolled,forged,forging,,,True,2026-02-02T18:45:01.439882,2026-02-02T18:45:01.439884
215,170,sintered,sintered,plate,,,True,2026-02-02T18:45:01.440236,2026-02-02T18:45:01.440239
216,171,annealed,extruded,sheet,,,True,2026-02-02T18:45:01.440594,2026-02-02T18:45:01.440597
217,171,solution treated,extruded,casting,,,False,2026-02-02T18:45:01.440962,2026-02-02T18:45:01.440966
218,172,sintered,HIP,tile,,,True,2026-02-02T18:45:01.441306,2026-02-02T18:45:01.441308
219,173,sintered,sintered,tile,,,True,2026-02-02T18:45:01.441729,2026-02-02T18:45:01.441731
220,174,HIP,hot-pressed,powder,,,True,2026-02-02T18:45:01.442238,2026-02-02T18:45:01.442243
221,174,HIP,sintered,rod,,,False,2026-02-02T18:45:01.442484,2026-02-02T18:45:01.442497
222,175,normalized,cast,bar,,,True,2026-02-02T18:45:01.442715,2026-02-02T18:45:01.442720
223,176,H32,forged,sheet,,,True,2026-02-02T18:45:01.443210,2026-02-02T18:45:01.443212
224,177,solution treated,powder,casting,,,True,2026-02-02T18:45:01.443682,2026-02-02T18:45:01.443684
225,178,T6,rolled,forging,T6,,True,2026-02-02T18:45:01.443899,2026-02-02T18:45:01.443902
226,179,normalized,extruded,sheet,,,True,2026-02-02T18:45:01.444185,2026-02-02T18:45:01.444187
227,180,hot-pressed,sintered,tile,,,True,2026-02-02T18:45:01.444566,2026-02-02T18:45:01.444569
228,181,room-temp cured,RTM,prepreg,,,True,2026-02-02T18:45:01.444825,2026-02-02T18:45:01.444827
229,181,post-cured,pultruded,prepreg,,,False,2026-02-02T18:45:01.445277,2026-02-02T18:45:01.445282
230,182,dry,extruded,sheet,,,True,2026-02-02T18:45:01.445646,2026-02-02T18:45:01.445649
231,183,H32,extruded,sheet,,,True,2026-02-02T18:45:01.445999,2026-02-02T18:45:01.446004
232,183,H32,powder,forging,,,False,2026-02-02T18:45:01.446346,2026-02-02T18:45:01.446354
233,184,conditioned,compression molded,pellet,,,True,2026-02-02T18:45:01.447130,2026-02-02T18:45:01.447134
234,185,annealed,rolled,plate,,,True,2026-02-02T18:45:01.449142,2026-02-02T18:45:01.449145
235,186,as-rolled,powder,sheet,,,True,2026-02-02T18:45:01.449456,2026-02-02T18:45:01.449464
236,187,as-rolled,powder,casting,,,True,2026-02-02T18:45:01.450048,2026-02-02T18:45:01.450052
237,188,as-rolled,rolled,bar,,,True,2026-02-02T18:45:01.450537,2026-02-02T18:45:01.450539
238,189,quenched & tempered,extruded,bar,,,True,2026-02-02T18:45:01.451000,2026-02-02T18:45:01.451003
239,190,annealed,forged,plate,,,True,2026-02-02T18:45:01.451530,2026-02-02T18:45:01.451532
240,190,T6,rolled,bar,T6,,False,2026-02-02T18:45:01.451836,2026-02-02T18:45:01.451839
241,191,quenched & tempered,extruded,forging,,,True,2026-02-02T18:45:01.452190,2026-02-02T18:45:01.452193
242,192,room-temp cured,hand layup,prepreg,,,True,2026-02-02T18:45:01.452524,2026-02-02T18:45:01.452526
243,193,normalized,cast,sheet,,,True,2026-02-02T18:45:01.452853,2026-02-02T18:45:01.452855
244,193,as-cast,powder,plate,,,False,2026-02-02T18:45:01.453182,2026-02-02T18:45:01.453185
245,194,as-printed,injection molded,bar,,,True,2026-02-02T18:45:01.453576,2026-02-02T18:45:01.453578
246,194,dry,printed,pellet,,,False,2026-02-02T18:45:01.453877,2026-02-02T18:45:01.453880
247,195,T6,cast,casting,T6,,True,2026-02-02T18:45:01.466662,2026-02-02T18:45:01.466664
248,196,HIP,sintered,tile,,,True,2026-02-02T18:45:01.467280,2026-02-02T18:45:01.467283
249,197,normalized,forged,bar,,,True,2026-02-02T18:45:01.467764,2026-02-02T18:45:01.467768
250,198,normalized,cast,bar,,,True,2026-02-02T18:45:01.468337,2026-02-02T18:45:01.468339
251,198,annealed,forged,bar,,,False,2026-02-02T18:45:01.468668,2026-02-02T18:45:01.468675
252,199,annealed,extruded,sheet,,,True,2026-02-02T18:45:01.469416,2026-02-02T18:45:01.469421
253,200,as-molded,extruded,pellet,,,True,2026-02-02T18:45:01.470081,2026-02-02T18:45:01.470083
254,201,as-cast,cast,bar,,,True,2026-02-02T18:45:01.470511,2026-02-02T18:45:01.470514
255,201,T6,cast,plate,T6,,False,2026-02-02T18:45:01.470956,2026-02-02T18:45:01.470960
256,202,annealed,forged,plate,,,True,2026-02-02T18:45:01.471294,2026-02-02T18:45:01.471296
257,202,H32,cast,sheet,,,False,2026-02-02T18:45:01.471761,2026-02-02T18:45:01.471764
258,203,annealed,extruded,sheet,,,True,2026-02-02T18:45:01.472248,2026-02-02T18:45:01.472250
259,204,annealed,powder,casting,,,True,2026-02-02T18:45:01.472697,2026-02-02T18:45:01.472699
260,205,normalized,extruded,bar,,,True,2026-02-02T18:45:01.473079,2026-02-02T18:45:01.473082
261,206,as-molded,injection molded,sheet,,,True,2026-02-02T18:45:01.473548,2026-02-02T18:45:01.473550
262,206,as-molded,compression molded,bar,,,False,2026-02-02T18:45:01.473973,2026-02-02T18:45:01.473977
263,207,dry,printed,sheet,,,True,2026-02-02T18:45:01.474413,2026-02-02T18:45:01.474419
264,207,as-printed,injection molded,sheet,,,False,2026-02-02T18:45:01.474863,2026-02-02T18:45:01.474865
265,208,hot-pressed,hot-pressed,rod,,,True,2026-02-02T18:45:01.475546,2026-02-02T18:45:01.475548
266,208,HIP,cast,plate,,,False,2026-02-02T18:45:01.475715,2026-02-02T18:45:01.475733
267,209,conditioned,compression molded,filament,,,True,2026-02-02T18:45:01.476035,2026-02-02T18:45:01.476040
268,210,as-molded,compression molded,filament,,,True,2026-02-02T18:45:01.476610,2026-02-02T18:45:01.476614
269,211,solution treated,extruded,plate,,,True,2026-02-02T18:45:01.477211,2026-02-02T18:45:01.477213
270,212,conditioned,extruded,sheet,,,True,2026-02-02T18:45:01.477682,2026-02-02T18:45:01.477685
271,212,conditioned,compression molded,filament,,,False,2026-02-02T18:45:01.478434,2026-02-02T18:45:01.478447
272,213,as-printed,printed,bar,,,True,2026-02-02T18:45:01.478853,2026-02-02T18:45:01.478856
273,213,dry,injection molded,sheet,,,False,2026-02-02T18:45:01.479391,2026-02-02T18:45:01.479402
274,214,H32,powder,plate,,,True,2026-02-02T18:45:01.479915,2026-02-02T18:45:01.479917
275,214,as-cast,cast,forging,,,False,2026-02-02T18:45:01.480817,2026-02-02T18:45:01.480826
276,215,post-cured,hand layup,laminate,,,True,2026-02-02T18:45:01.481679,2026-02-02T18:45:01.481684
277,216,as-printed,printed,bar,,,True,2026-02-02T18:45:01.482387,2026-02-02T18:45:01.482390
278,217,as-cast,cast,bar,,,True,2026-02-02T18:45:01.482760,2026-02-02T18:45:01.482763
279,218,dry,compression molded,sheet,,,True,2026-02-02T18:45:01.483160,2026-02-02T18:45:01.483163
280,218,annealed,extruded,filament,,,False,2026-02-02T18:45:01.483461,2026-02-02T18:45:01.483467
281,219,post-cured,hand layup,panel,,,True,2026-02-02T18:45:01.483892,2026-02-02T18:45:01.483894
282,220,quenched & tempered,rolled,bar,,,True,2026-02-02T18:45:01.484213,2026-02-02T18:45:01.484215
283,221,H32,cast,sheet,,,True,2026-02-02T18:45:01.484700,2026-02-02T18:45:01.484704
284,222,normalized,rolled,sheet,,,True,2026-02-02T18:45:01.485043,2026-02-02T18:45:01.485045
285,223,normalized,cast,sheet,,,True,2026-02-02T18:45:01.485384,2026-02-02T18:45:01.485386
286,224,solution treated,forged,forging,,,True,2026-02-02T18:45:01.485782,2026-02-02T18:45:01.485784
287,225,hot-pressed,cast,rod,,,True,2026-02-02T18:45:01.486292,2026-02-02T18:45:01.486299
288,226,quenched & tempered,cast,sheet,,,True,2026-02-02T18:45:01.486780,2026-02-02T18:45:01.486783
289,226,quenched & tempered,extruded,forging,,,False,2026-02-02T18:45:01.487231,2026-02-02T18:45:01.487234
290,227,room-temp cured,hand layup,panel,,,True,2026-02-02T18:45:01.487575,2026-02-02T18:45:01.487578
291,228,T6,forged,casting,T6,,True,2026-02-02T18:45:01.487941,2026-02-02T18:45:01.487943
292,229,as-molded,extruded,filament,,,True,2026-02-02T18:45:01.488317,2026-02-02T18:45:01.488319
293,230,as-rolled,rolled,casting,,,True,2026-02-02T18:45:01.488671,2026-02-02T18:45:01.488674
294,231,as-printed,printed,filament,,,True,2026-02-02T18:45:01.489625,2026-02-02T18:45:01.489630
295,232,as-cast,hot-pressed,plate,,,True,2026-02-02T18:45:01.490372,2026-02-02T18:45:01.490375
296,232,sintered,hot-pressed,plate,,,False,2026-02-02T18:45:01.490624,2026-02-02T18:45:01.490628
297,233,annealed,rolled,forging,,,True,2026-02-02T18:45:01.490918,2026-02-02T18:45:01.490921
298,233,T6,rolled,forging,T6,,False,2026-02-02T18:45:01.491303,2026-02-02T18:45:01.491317
299,234,hot-pressed,hot-pressed,tile,,,True,2026-02-02T18:45:01.491795,2026-02-02T18:45:01.491798
300,235,sintered,cast,rod,,,True,2026-02-02T18:45:01.492079,2026-02-02T18:45:01.492081
301,236,dry,printed,sheet,,,True,2026-02-02T18:45:01.492354,2026-02-02T18:45:01.492357
302,237,quenched & tempered,rolled,casting,,,True,2026-02-02T18:45:01.492791,2026-02-02T18:45:01.492793
303,238,as-rolled,cast,forging,,,True,2026-02-02T18:45:01.493220,2026-02-02T18:45:01.493223
304,239,H32,cast,bar,,,True,2026-02-02T18:45:01.493490,2026-02-02T18:45:01.493493
305,239,solution treated,extruded,sheet,,,False,2026-02-02T18:45:01.494013,2026-02-02T18:45:01.494017
306,240,as-printed,printed,sheet,,,True,2026-02-02T18:45:01.494459,2026-02-02T18:45:01.494461
307,240,as-molded,injection molded,pellet,,,False,2026-02-02T18:45:01.494727,2026-02-02T18:45:01.494732
308,241,normalized,forged,plate,,,True,2026-02-02T18:45:01.495185,2026-02-02T18:45:01.495189
309,242,as-cast,forged,forging,,,True,2026-02-02T18:45:01.495769,2026-02-02T18:45:01.495774
310,242,quenched & tempered,rolled,casting,,,False,2026-02-02T18:45:01.496223,2026-02-02T18:45:01.496231
311,243,as-rolled,cast,bar,,,True,2026-02-02T18:45:01.497242,2026-02-02T18:45:01.497247
312,244,normalized,forged,bar,,,True,2026-02-02T18:45:01.498366,2026-02-02T18:45:01.498372
313,245,as-cured,hand layup,laminate,,,True,2026-02-02T18:45:01.499025,2026-02-02T18:45:01.499028
314,246,HIP,HIP,plate,,,True,2026-02-02T18:45:01.499361,2026-02-02T18:45:01.499363
315,247,T6,cast,plate,T6,,True,2026-02-02T18:45:01.499662,2026-02-02T18:45:01.499664
316,247,T6,extruded,sheet,T6,,False,2026-02-02T18:45:01.499997,2026-02-02T18:45:01.500000
317,248,HIP,cast,tile,,,True,2026-02-02T18:45:01.500314,2026-02-02T18:45:01.500318
318,249,H32,cast,sheet,,,True,2026-02-02T18:45:01.500676,2026-02-02T18:45:01.500685
319,250,normalized,rolled,plate,,,True,2026-02-02T18:45:01.501692,2026-02-02T18:45:01.501695
320,250,solution treated,forged,bar,,,False,2026-02-02T18:45:01.502090,2026-02-02T18:45:01.502096
321,251,normalized,powder,sheet,,,True,2026-02-02T18:45:01.503657,2026-02-02T18:45:01.503662
322,252,room-temp cured,autoclave,laminate,,,True,2026-02-02T18:45:01.504179,2026-02-02T18:45:01.504183
323,252,post-cured,autoclave,laminate,,,False,2026-02-02T18:45:01.504819,2026-02-02T18:45:01.504826
324,253,as-molded,extruded,pellet,,,True,2026-02-02T18:45:01.505338,2026-02-02T18:45:01.505341
325,254,as-cured,autoclave,prepreg,,,True,2026-02-02T18:45:01.505717,2026-02-02T18:45:01.505721
326,255,conditioned,printed,pellet,,,True,2026-02-02T18:45:01.506060,2026-02-02T18:45:01.506063
327,256,solution treated,cast,casting,,,True,2026-02-02T18:45:01.506479,2026-02-02T18:45:01.506487
328,257,as-printed,extruded,sheet,,,True,2026-02-02T18:45:01.507238,2026-02-02T18:45:01.507242
329,258,conditioned,printed,filament,,,True,2026-02-02T18:45:01.507676,2026-02-02T18:45:01.507679
330,259,dry,injection molded,bar,,,True,2026-02-02T18:45:01.508152,2026-02-02T18:45:01.508154
331,260,annealed,extruded,bar,,,True,2026-02-02T18:45:01.508884,2026-02-02T18:45:01.508887
332,261,solution treated,rolled,plate,,,True,2026-02-02T18:45:01.509385,2026-02-02T18:45:01.509387
333,261,as-rolled,extruded,forging,,,False,2026-02-02T18:45:01.509692,2026-02-02T18:45:01.509694
334,262,conditioned,extruded,sheet,,,True,2026-02-02T18:45:01.509948,2026-02-02T18:45:01.509950
335,263,quenched & tempered,rolled,sheet,,,True,2026-02-02T18:45:01.510360,2026-02-02T18:45:01.510363
336,264,H32,rolled,bar,,,True,2026-02-02T18:45:01.511054,2026-02-02T18:45:01.511058
337,265,sintered,hot-pressed,rod,,,True,2026-02-02T18:45:01.511734,2026-02-02T18:45:01.511740
338,265,HIP,cast,plate,,,False,2026-02-02T18:45:01.512217,2026-02-02T18:45:01.512227
339,266,H32,forged,sheet,,,True,2026-02-02T18:45:01.512728,2026-02-02T18:45:01.512731
340,267,H32,powder,sheet,,,True,2026-02-02T18:45:01.513161,2026-02-02T18:45:01.513164
341,268,sintered,hot-pressed,rod,,,True,2026-02-02T18:45:01.513574,2026-02-02T18:45:01.513577
342,269,as-cast,powder,plate,,,True,2026-02-02T18:45:01.514049,2026-02-02T18:45:01.514052
343,270,quenched & tempered,powder,bar,,,True,2026-02-02T18:45:01.514473,2026-02-02T18:45:01.514475
344,270,quenched & tempered,extruded,forging,,,False,2026-02-02T18:45:01.514773,2026-02-02T18:45:01.514776
345,271,quenched & tempered,forged,bar,,,True,2026-02-02T18:45:01.515165,2026-02-02T18:45:01.515168
346,272,quenched & tempered,cast,forging,,,True,2026-02-02T18:45:01.515400,2026-02-02T18:45:01.515403
347,273,H32,powder,sheet,,,True,2026-02-02T18:45:01.515899,2026-02-02T18:45:01.515901
348,273,annealed,rolled,forging,,,False,2026-02-02T18:45:01.516253,2026-02-02T18:45:01.516260
349,274,annealed,forged,sheet,,,True,2026-02-02T18:45:01.516934,2026-02-02T18:45:01.516938
350,274,annealed,forged,forging,,,False,2026-02-02T18:45:01.517404,2026-02-02T18:45:01.517407
351,275,room-temp cured,hand layup,prepreg,,,True,2026-02-02T18:45:01.517930,2026-02-02T18:45:01.517935
352,275,post-cured,RTM,panel,,,False,2026-02-02T18:45:01.518420,2026-02-02T18:45:01.518422
353,276,room-temp cured,pultruded,laminate,,,True,2026-02-02T18:45:01.518805,2026-02-02T18:45:01.518807
354,277,HIP,sintered,plate,,,True,2026-02-02T18:45:01.519283,2026-02-02T18:45:01.519286
355,278,as-cast,cast,forging,,,True,2026-02-02T18:45:01.519588,2026-02-02T18:45:01.519590
356,279,T6,powder,casting,T6,,True,2026-02-02T18:45:01.520045,2026-02-02T18:45:01.520047
357,279,annealed,cast,forging,,,False,2026-02-02T18:45:01.520345,2026-02-02T18:45:01.520353
358,280,as-rolled,forged,sheet,,,True,2026-02-02T18:45:01.520666,2026-02-02T18:45:01.520668
359,281,quenched & tempered,extruded,casting,,,True,2026-02-02T18:45:01.521108,2026-02-02T18:45:01.521113
360,281,annealed,cast,sheet,,,False,2026-02-02T18:45:01.521610,2026-02-02T18:45:01.521613
361,282,as-printed,extruded,bar,,,True,2026-02-02T18:45:01.521868,2026-02-02T18:45:01.521870
362,282,dry,compression molded,filament,,,False,2026-02-02T18:45:01.523005,2026-02-02T18:45:01.523012
363,283,conditioned,injection molded,filament,,,True,2026-02-02T18:45:01.523666,2026-02-02T18:45:01.523669
364,284,as-cast,HIP,tile,,,True,2026-02-02T18:45:01.524015,2026-02-02T18:45:01.524018
365,285,HIP,sintered,tile,,,True,2026-02-02T18:45:01.524456,2026-02-02T18:45:01.524458
366,286,H32,cast,casting,,,True,2026-02-02T18:45:01.525862,2026-02-02T18:45:01.525865
367,287,quenched & tempered,forged,casting,,,True,2026-02-02T18:45:01.526555,2026-02-02T18:45:01.526558
368,288,as-printed,injection molded,filament,,,True,2026-02-02T18:45:01.526945,2026-02-02T18:45:01.526948
369,288,dry,injection molded,bar,,,False,2026-02-02T18:45:01.527124,2026-02-02T18:45:01.527136
370,289,as-cast,HIP,powder,,,True,2026-02-02T18:45:01.527383,2026-02-02T18:45:01.527385
371,290,annealed,extruded,bar,,,True,2026-02-02T18:45:01.527535,2026-02-02T18:45:01.527537
372,291,hot-pressed,sintered,tile,,,True,2026-02-02T18:45:01.527856,2026-02-02T18:45:01.527859
373,292,normalized,rolled,plate,,,True,2026-02-02T18:45:01.528278,2026-02-02T18:45:01.528281
374,293,dry,printed,filament,,,True,2026-02-02T18:45:01.528577,2026-02-02T18:45:01.528579
375,293,as-molded,injection molded,bar,,,False,2026-02-02T18:45:01.528906,2026-02-02T18:45:01.528910
376,294,H32,powder,plate,,,True,2026-02-02T18:45:01.529406,2026-02-02T18:45:01.529413
377,295,solution treated,powder,casting,,,True,2026-02-02T18:45:01.529785,2026-02-02T18:45:01.529787
378,296,as-cast,cast,tile,,,True,2026-02-02T18:45:01.530178,2026-02-02T18:45:01.530180
379,297,hot-pressed,hot-pressed,plate,,,True,2026-02-02T18:45:01.530553,2026-02-02T18:45:01.530555
380,297,sintered,hot-pressed,powder,,,False,2026-02-02T18:45:01.530834,2026-02-02T18:45:01.530837
381,298,annealed,forged,forging,,,True,2026-02-02T18:45:01.531113,2026-02-02T18:45:01.531115
382,298,as-cast,extruded,bar,,,False,2026-02-02T18:45:01.531377,2026-02-02T18:45:01.531381
383,299,as-cast,sintered,powder,,,True,2026-02-02T18:45:01.531951,2026-02-02T18:45:01.531953
384,300,as-rolled,rolled,forging,,,True,2026-02-02T18:45:01.532179,2026-02-02T18:45:01.532187
385,300,as-rolled,extruded,bar,,,False,2026-02-02T18:45:01.532559,2026-02-02T18:45:01.532562
